"image_urls","file_name","description","category"
"https://images.unsplash.com/photo-1707093963143-5c5e48186bab","unsplash_com_images\a_can_of_pink_soda_being_poured_into_a_glass-a0574eae9c40b5651cbb40743095af07851133eb.jpg","a can of pink soda being poured into a glass","Editorial"
"https://images.unsplash.com/photo-1575396565843-efb0bcdfb837","unsplash_com_images\person_riding_motocross_bike-8c9d6cceb57684927434b0ee9bd249d05ba39426.jpg","person riding motocross bike","Editorial,Cool Tones,Sports"
"https://images.unsplash.com/photo-1706887577952-2c3237ba079e","unsplash_com_images\a_person_standing_on_top_of_a_sand_dune-1925a7a2441d0bc5df50683e531a842f9563aa0a.jpg","a person standing on top of a sand dune","Editorial,Wallpapers"
"https://images.unsplash.com/photo-1707046607066-288c1afecd86","unsplash_com_images\a_couple_of_elephants_standing_next_to_each_other-eb60b70ca97e30e6dbf7f35c9bc91ef7b1366fef.jpg","a couple of elephants standing next to each other","Nature,Animals"
"https://images.unsplash.com/photo-1706216281170-1ca5b17b96a2","unsplash_com_images\a_narrow_slot_in_the_side_of_a_canyon-fd1b0efa6aaace0bb4ad724e207629321ac93e3d.jpg","a narrow slot in the side of a canyon","Nature"
"https://images.unsplash.com/photo-1705310256130-1e3b8693dcce","unsplash_com_images\a_very_tall_mountain_with_a_snow_covered_top-b4f1670534e8fa446c274f1f03ba98bffefaacc6.jpg","a very tall mountain with a snow covered top","Nature"
"https://images.unsplash.com/photo-1705660416189-132f67752e17","unsplash_com_images\a_couple_of_people_standing_on_top_of_a_hill-29c9a7f4d4df3f7bfd1fd27e5853ab9eeb28c047.jpg","a couple of people standing on top of a hill","Editorial,Nature"
"https://images.unsplash.com/photo-1707072407262-e1c933b6ba01","unsplash_com_images\a_snowy_mountain_with_a_pink_sky_in_the_background-8d1b6e59d851b59cb5cbefee82362fb6a85cb53f.jpg","a snowy mountain with a pink sky in the background","Nature"
"https://images.unsplash.com/photo-1707076463996-e17fb5f8fa95","unsplash_com_images\a_couple_of_people_walking_along_a_beach_next_to_the_ocean-8ee47367eee311855ecd40e759263cf5f26d7a33.jpg","a couple of people walking along a beach next to the ocean","Nature"
"https://images.unsplash.com/photo-1705964595183-e9790cc172d3","unsplash_com_images\a_green_aurora_bore_in_the_night_sky-d6f3eb193f906f83c5bdadbf25d407839a0d6da5.jpg","a green aurora bore in the night sky","Nature"
"https://images.unsplash.com/photo-1706815774376-fac23b511ef5","unsplash_com_images\the_sun_is_setting_over_a_mountain_range-8edaa89c8e7998eeaac334f7d6491c517f95f7ba.jpg","the sun is setting over a mountain range","Editorial,Spirituality,Nature"
"https://images.unsplash.com/photo-1706872286099-b10b657b3fb3","unsplash_com_images\the_night_sky_is_filled_with_stars_and_trees-6b6c4e12aed41b5cdd32a1f6d9baf4f4fabe8840.jpg","the night sky is filled with stars and trees","Nature"
"https://images.unsplash.com/photo-1706845014074-99f4c765d3ee","unsplash_com_images\the_sun_is_setting_over_the_ocean_waves-c684bc3bea29462989ea111cdb7067f224882c20.jpg","the sun is setting over the ocean waves","Nature"
"https://images.unsplash.com/photo-1502433393943-3d9f527de311","unsplash_com_images\horsetail_waterfalls-90d4f24ab3836bf27d9dd7256b73a8e2cfa00d44.jpg","horsetail waterfalls","Editorial,Wallpapers,Nature"
"https://images.unsplash.com/photo-1666627389585-e526833bea8a","unsplash_com_images\a_tree_in_a_valley-b327e4fa857837824bd4cbc7aa84927144d03ff3.jpg","a tree in a valley","Editorial,Wallpapers,Nature"
"https://images.unsplash.com/photo-1706034381055-d176c40693d3","unsplash_com_images\a_lone_tree_in_the_middle_of_a_snowy_field-b6fe0a89f9fb012316108f07ee884d6e27e2dc0b.jpg","a lone tree in the middle of a snowy field","Editorial,Wallpapers,Nature"
"https://images.unsplash.com/photo-1706884597675-c79067fec450","unsplash_com_images\a_vase_filled_with_yellow_flowers_next_to_two_candles-ee3cf478e2b48e03629b824fd3d098881fd4b974.jpg","a vase filled with yellow flowers next to two candles","Editorial,Wallpapers"
"https://images.unsplash.com/photo-1649452812982-183413e0a480","unsplash_com_images\a_mountain_range_is_reflected_in_the_still_water_of_a_lake-f39ca492ded9d7bb696023f8da3441117926dc6b.jpg","a mountain range is reflected in the still water of a lake","Editorial,Travel,Wallpapers"
"https://images.unsplash.com/photo-1602604354236-01e2b7739b21","unsplash_com_images\brown_concrete_building_under_blue_sky_during_daytime-5a7ec6d97b4dec50384afd2bf709b3a316df8a5b.jpg","brown concrete building under blue sky during daytime","Editorial,Wallpapers,Architecture & Interiors"
"https://images.unsplash.com/photo-1707207922643-b49a4cdcb46a","unsplash_com_images\a_mountain_covered_in_snow_under_a_blue_sky-8507cbc5afdaa18ac2f640d8731d415228ca4c35.jpg","a mountain covered in snow under a blue sky","Wallpapers"
"https://images.unsplash.com/photo-1705862457166-a9422e8a4294","unsplash_com_images\a_snowy_mountain_range_is_reflected_in_the_still_water_of_a_lake-731478d939fde2ac225625b0b692b8b53cc81bc7.jpg","a snowy mountain range is reflected in the still water of a lake","Wallpapers"
"https://images.unsplash.com/photo-1518232601530-bd3483328189","unsplash_com_images\mountain_filled_with_mist-b13dedda2676653b05307619a5cb5218386b351d.jpg","mountain filled with mist","Editorial,Wallpapers"
"https://images.unsplash.com/photo-1577085375786-edb0f45560aa","unsplash_com_images\desert_at_night-ee1144797cdd6bc3eb9b10c0a65f2fd82daa2ae0.jpg","desert at night","Wallpapers,Nature"
"https://images.unsplash.com/photo-1533033315434-ca311a9cde65","unsplash_com_images\gray_concrete_tower_under_cloudy_sky-763c6a861a75f7fee156c6f262bfdffbdc27121e.jpg","gray concrete tower under cloudy sky","Editorial,Wallpapers,Architecture & Interiors"
"https://images.unsplash.com/photo-1532980216874-21f93fa9fd15","unsplash_com_images\brown_cave-35d263c3bcc760c38660cec58fb77d2269ceaaed.jpg","brown cave","Editorial,Spirituality,Wallpapers"
"https://images.unsplash.com/photo-1679041006302-cf5e318da08c","unsplash_com_images\a_very_tall_mountain_covered_in_snow_under_a_cloudy_sky-cc08a1b6bc2b5ed93bd91c2130f035da6a5ba3b7.jpg","a very tall mountain covered in snow under a cloudy sky","Editorial,Wallpapers"
"https://images.unsplash.com/photo-1509782826376-18c5d91e1c49","unsplash_com_images\photography_of_trees_and_body_of_water_under_white_sky_during_daytime-dbaa98598632c2a4fe96fc380604a47db93c14a4.jpg","photography of trees and body of water under white sky during daytime","Wallpapers"
"https://images.unsplash.com/photo-1659737419997-10be04c876c3","unsplash_com_images\a_lighthouse_on_a_rocky_cliff-e542188530994e8ba6383ce2ff12a1c2bfe4474e.jpg","a lighthouse on a rocky cliff","Editorial,Wallpapers"
"https://images.unsplash.com/photo-1660466864835-271108ba4673","unsplash_com_images\a_group_of_buildings_in_a_snowy_area-031ceda3a2924d602a028338c25edfdb4cf99ef7.jpg","a group of buildings in a snowy area","Editorial,Wallpapers"
"https://images.unsplash.com/photo-1485792367366-e7dcaf4d207f","unsplash_com_images\person_surfing_at_waves-764aa470add47b504cf2b54c44e351f27b855088.jpg","person surfing at waves","Editorial,Cool Tones,Sports"
"https://images.unsplash.com/photo-1707250098351-53a79ba57c2f","unsplash_com_images\a_mountain_covered_in_blue_and_pink_snow-149dd8b209b8f08ea89ec4df3dafbb3263074f9e.jpg","a mountain covered in blue and pink snow","Cool Tones"
"https://images.unsplash.com/photo-1691462501035-d040645aad1e","unsplash_com_images\a_branch_of_a_tree_with_leaves_on_it-114278912923438bd52ccb47677e72be99c2d2bb.jpg","a branch of a tree with leaves on it","Spirituality,Cool Tones"
"https://images.unsplash.com/photo-1517124792960-0f4701b9bd20","unsplash_com_images\aerial_view_of_man_riding_skateboard-925bde216db202885be1e80450997ff5395ea101.jpg","aerial view of man riding skateboard","Editorial,Cool Tones,Sports"
"https://images.unsplash.com/photo-1522688306378-fbb315c6ba9a","unsplash_com_images\Good_Vibes_Only_sand_text-7b6e6b98d43af0c35978ebb8ea513074b07e300d.jpg","Good Vibes Only sand text","Editorial,Cool Tones,Health & Wellness"
"https://images.unsplash.com/photo-1707097526449-6c8933585977","unsplash_com_images\a_tall_glass_building_with_a_sky_background-206f19b50ad2a190601bfda6bad7d1477ed8cd53.jpg","a tall glass building with a sky background","Cool Tones"
"https://images.unsplash.com/photo-1705147218142-bc6ae2147f50","unsplash_com_images\a_group_of_lights_hanging_from_the_ceiling_of_a_building-803f5a0b8aae9e6cfeb9ce9163395e63b59ff872.jpg","a group of lights hanging from the ceiling of a building","Cool Tones"
"https://images.unsplash.com/photo-1704541511023-4d16e2b5192c","unsplash_com_images\shadows_cast_on_a_wall_of_a_building-5cb9fafd05bc480b70078862881a2df98bbad4b1.jpg","shadows cast on a wall of a building","Editorial,Cool Tones,Textures & Patterns"
"https://images.unsplash.com/photo-1688250633028-7bfcae0b0ca3","unsplash_com_images\a_person_riding_a_surfboard_on_a_wave_in_the_ocean-5905aba77f6dfa55573c06efcd73c409f83615ac.jpg","a person riding a surfboard on a wave in the ocean","Cool Tones"
"https://images.unsplash.com/photo-1519190100986-d91b0968fd57","","","Cool Tones"
"https://images.unsplash.com/photo-1670163449579-702ec36354bd","unsplash_com_images\a_city_with_tall_buildings-27cc41faaad0f1905cebd29c36c5fbb22ff01a18.jpg","a city with tall buildings","Editorial,Cool Tones,Travel"
"https://images.unsplash.com/photo-1519260106731-79679645afef","","","Cool Tones"
"https://images.unsplash.com/photo-1707150072238-f2ea2953b68c","unsplash_com_images\a_person_riding_a_surfboard_on_a_large_body_of_water-77518c93e66abef445f22d00b571e255c107cc83.jpg","a person riding a surfboard on a large body of water","Cool Tones"
"https://images.unsplash.com/photo-1653849753645-340aa6b4c636","unsplash_com_images\an_aerial_view_of_a_highway_intersection_at_night-3a845625ee8497ebcd9a69a9acb4f596082d9c2a.jpg","an aerial view of a highway intersection at night","Editorial,Cool Tones,Experimental"
"https://images.unsplash.com/photo-1651406957451-c24096f8aa0e","unsplash_com_images\a_man_riding_a_wave_in_the_ocean-b7add75079f97c85ab643f89773a19531a914de5.jpg","a man riding a wave in the ocean","Editorial,Cool Tones,Textures & Patterns"
"https://images.unsplash.com/photo-1706781273757-4ed613b26e9b","unsplash_com_images\a_close_up_of_a_purple_cloth_on_a_black_background-b2a16374fb2bb5b725617e0bc7c6b4fd3dbcb69b.jpg","a close up of a purple cloth on a black background","Editorial"
"https://images.unsplash.com/photo-1707057538400-86ca47bb1289","unsplash_com_images\a_very_large_star_cluster_in_the_sky-9e98b779e7233d1d439da60c453ccbb3d756d83e.jpg","a very large star cluster in the sky","Editorial"
"https://images.unsplash.com/photo-1707236536755-482034eed3d0","unsplash_com_images\a_very_tall_building_in_the_middle_of_a_city-c47d9aa278ca41ca71fd057e29ae3cd3d40ec570.jpg","a very tall building in the middle of a city","Editorial"
"https://images.unsplash.com/photo-1707175367048-2161cb1d8312","unsplash_com_images\a_river_running_through_a_snow_covered_forest_under_a_night_sky-c43cb365be84dcfbe8900120e560e2fdffde9ed0.jpg","a river running through a snow covered forest under a night sky","Editorial,Cool Tones"
"https://images.unsplash.com/photo-1707090804669-72f8a7f3348e","unsplash_com_images\an_aerial_view_of_a_beach_and_a_forested_area-69f5106b1f73f756005806cbde2063ad14b9f159.jpg","an aerial view of a beach and a forested area","Editorial"
"https://images.unsplash.com/photo-1707259832379-11da7d0f323e","unsplash_com_images\a_woman_walking_down_a_street_at_night-48e952c86f8f120c71dfccfb46c0f01c1fcdb80d.jpg","a woman walking down a street at night","Editorial,Cool Tones,Street Photography"
"https://images.unsplash.com/photo-1706859450156-0214dca4260d","unsplash_com_images\a_lone_tree_on_a_hill_under_a_night_sky-fed86d3bf9950e6263895ac6e0a452fbad659760.jpg","a lone tree on a hill under a night sky","Editorial,Cool Tones"
"https://images.unsplash.com/photo-1707162798192-b32a573ca3a8","unsplash_com_images\a_person_standing_on_top_of_a_snow_covered_slope-171df457b34c6a64a87898703c594742cdbadc4a.jpg","a person standing on top of a snow covered slope","Editorial"
"https://images.unsplash.com/photo-1707070530119-825d5e462cfd","unsplash_com_images\a_blue_truck_is_parked_in_the_snow-c88bb5285da050df17a0e44687b665ac937fa9f2.jpg","a blue truck is parked in the snow","Editorial"
"https://images.unsplash.com/photo-1707056789695-c2d6559468c7","unsplash_com_images\an_artists_rendering_of_a_planet_and_a_star-0c253fac5ed25cc5162dfa2ada878c32ca69d132.jpg","an artist's rendering of a planet and a star","Editorial"
"https://images.unsplash.com/photo-1706610740392-65f9186d1305","unsplash_com_images\a_city_street_lined_with_tall_buildings_next_to_a_river-047970012bd6fa7af47020470814b067bde75abb.jpg","a city street lined with tall buildings next to a river","Editorial,Street Photography"
"https://images.unsplash.com/photo-1706550631754-d121fd4840be","unsplash_com_images\a_woman_in_a_blue_sports_bra_top_and_leggings-d0771d3a4e657d1fb09fd13caf6d3852aed8caf8.jpg","a woman in a blue sports bra top and leggings","Editorial"
"https://images.unsplash.com/photo-1706546235267-f5f07efdd37e","unsplash_com_images\a_black_background_with_a_blue_wave_pattern-cdf0a4d7b5239f4d88aa436dbafae250c9834b33.jpg","a black background with a blue wave pattern","Editorial"
"https://images.unsplash.com/photo-1563360808-a0bdf4450651","unsplash_com_images\silhouette_of_mountains_under_cloudy_sky_during_daytime-46725a8b60e47d5b15be566e56ba6ba3b47cdbd9.jpg","silhouette of mountains under cloudy sky during daytime","Nature"
"https://images.unsplash.com/photo-1699845361165-bbdb050b34b2","unsplash_com_images\a_group_of_people_standing_in_front_of_a_building-5d0773472fba528ed77be35a9dd7b8726aed78ab.jpg","a group of people standing in front of a building","Current Events"
"https://images.unsplash.com/photo-1699845367466-e3eabd4a2025","unsplash_com_images\a_group_of_uniformed_men_standing_in_a_line-ad1a6585a6a8494ec1e2dec63c321b33a920afc7.jpg","a group of uniformed men standing in a line","Current Events"
"https://images.unsplash.com/photo-1571681190622-6bf9af1ab983","unsplash_com_images\people_riding_bikes_during_day-6d0686eba11b439d89fdea6cb6870ce008eccd8e.jpg","people riding bikes during day","Editorial,Sports"
"https://images.unsplash.com/photo-1569488855899-4203a31bf864","unsplash_com_images\man_climbing_on_rock_mountain-be31ce95c91ce8140509b52285caa90935ef3260.jpg","man climbing on rock mountain","Editorial,Sports"
"https://images.unsplash.com/photo-1564890350504-a92269ea80bf","unsplash_com_images\people_sitting_on_bleachers-836803a30f125ac8df88886f067b10375124bb24.jpg","people sitting on bleachers","Editorial,Sports"
"https://images.unsplash.com/photo-1563575044224-569da2f35b01","unsplash_com_images\person_surfing_in_a_wave_closeup_photography-50801b1a8d9693042e3aa59ce6ca1181eaf226fd.jpg","person surfing in a wave close-up photography","Editorial,Health & Wellness,Travel"
"https://images.unsplash.com/photo-1566877652776-be70e5ec342d","unsplash_com_images\topless_man_skateboarding_outdoors-1630a880d51bab9c82d5eaa78e0cb796b9703fa5.jpg","topless man skateboarding outdoors","Editorial,Sports"
"https://images.unsplash.com/photo-1562732401-e7768620c4c9","unsplash_com_images\man_riding_motocross_motorcycle-b9f87eb02a6b1a106c7d2c405d501788aeb508bb.jpg","man riding motocross motorcycle","Editorial,Sports"
"https://images.unsplash.com/photo-1559585198-8c2694b5d132","unsplash_com_images\man_flipping_kick_scooter-6be58ceb20ce54e6d29b9c2322582229dd873f40.jpg","man flipping kick scooter","Experimental,Sports"
"https://images.unsplash.com/photo-1551055620-446aa750cbea","unsplash_com_images\selective_focus_photography_of_driver_inside_sports_car_with_rollcage_during_daytime-36a69f473bede074e7bbd7806d9b4f3d4389d21c.jpg","selective focus photography of driver inside sports car with rollcage during daytime","Editorial,Sports"
"https://images.unsplash.com/photo-1557174949-3b1f5b2e8fac","unsplash_com_images\aerial_photo_of_football_field_during_daytime-021d23b153ee68582d3749b9b71f71fcfa72482d.jpg","aerial photo of football field during daytime","Editorial,Sports"
"https://images.unsplash.com/photo-1544733434-a6ee863c049d","unsplash_com_images\man_riding_mountain_bike-1c13a73faf5d4b65a2bdef44c2bff682f9af5aed.jpg","man riding mountain bike","Editorial,Health & Wellness,Sports"
"https://images.unsplash.com/photo-1524074309058-5204128adc83","unsplash_com_images\person_snowboarding_using_black_snowboard-d38c5e624d430685f0a90c792e3294ef4ad9cedd.jpg","person snowboarding using black snowboard","Editorial,Sports"
"https://images.unsplash.com/photo-1511900195190-e4aeb22514ed","unsplash_com_images\man_wearing_red_motocross_helmet_during_daytime-00abbfe209f87a4252dcec4d4ae662a8d5f41894.jpg","man wearing red motocross helmet during daytime","Editorial,Sports"
"https://images.unsplash.com/photo-1523562154073-db28c5e8863e","unsplash_com_images\man_playing_skateboard_tricks_on_the_rock_during_daytime-112c3d2fbe967e81ceea38db222354955d2f1508.jpg","man playing skateboard tricks on the rock during daytime","Editorial,Health & Wellness,Sports"
"https://images.unsplash.com/photo-1509077613385-f89402467146","unsplash_com_images\aerial_photography_of_people_playing_soccer-3669046aa3228be2401854516b0ab11b33ea42f9.jpg","aerial photography of people playing soccer","Editorial,Sports,Wallpapers"
"https://images.unsplash.com/photo-1508100134119-f93388e60d95","unsplash_com_images\white_steel_soccer_goal_net-9aac8be36ce5c5f53dbec1c0ede9e7dbe9ca352e.jpg","white steel soccer goal net","Sports"
"https://images.unsplash.com/photo-1506020777935-429ceca8e5f9","unsplash_com_images\person_holding_ski_pole_on_snow_covered_atmosphere-af0707bfbfc81fa69b8f6c3ac5d411592011c32b.jpg","person holding ski pole on snow covered atmosphere","Sports"
"https://images.unsplash.com/photo-1501450626433-39bbf117090e","unsplash_com_images\man_wall_climbing_on_red_wall-f90603fb89d84802185792f24484cf575873b7cd.jpg","man wall climbing on red wall","Health & Wellness,Sports"
"https://images.unsplash.com/photo-1707193001967-a4de0624bb5f","unsplash_com_images\a_baseball_bat_candy_bar_and_a_baseball_on_a_baseball_field-57ffcd247fcc5db18827c5ee969d9ac5de836546.jpg","a baseball bat, candy bar, and a baseball on a baseball field","Sports"
"https://images.unsplash.com/photo-1475440197469-e367ec8eeb19","unsplash_com_images\players_and_fans_on_baseball_stadium-19b1fd63631fb392fe434253f72cb4fc00eebf20.jpg","players and fans on baseball stadium","Editorial,Sports"
"https://images.unsplash.com/photo-1660989084062-30af9e64f5b5","unsplash_com_images\a_group_of_people_holding_signs-31b2f966550d2b6fd44e1687b624e21d6901f5bc.jpg","a group of people holding signs","Editorial,Current Events"
"https://images.unsplash.com/photo-1660989069957-44e0762dba83","unsplash_com_images\a_group_of_people_holding_signs-1a6a039d0cd0328121508d270969076ce0a32b5a.jpg","a group of people holding signs","Current Events"
"https://images.unsplash.com/photo-1660989080409-36ee2f7038da","unsplash_com_images\a_person_in_a_suit_holding_a_flag-5e936278a620cc28c8b75e5b3ab501a1ba07c724.jpg","a person in a suit holding a flag","Editorial,People,Current Events"
"https://images.unsplash.com/photo-1660989032815-fe926010ec73","unsplash_com_images\a_person_holding_a_rainbow_flag-8a8a2ce5b7b5152327b5e02ec4dadf3e8959474a.jpg","a person holding a rainbow flag","People,Current Events"
"https://images.unsplash.com/photo-1660989027409-28208f1959a8","unsplash_com_images\a_couple_of_women_riding_a_motorcycle_with_flags-ecf5a2aa9ba87200e553b059150f8823675050d6.jpg","a couple of women riding a motorcycle with flags","Current Events"
"https://images.unsplash.com/photo-1660989057589-345e34fac2e2","unsplash_com_images\a_group_of_people_holding_flags-11f32a8341786e324eb375faacad06c991cada14.jpg","a group of people holding flags","People,Current Events"
"https://images.unsplash.com/photo-1660989035636-941b4cfa89f2","unsplash_com_images\a_person_in_a_colorful_outfit-01c7e8da47226736e642fe7a19b3211bbb098f6e.jpg","a person in a colorful outfit","Current Events"
"https://images.unsplash.com/photo-1698815875473-15faf24604dc","unsplash_com_images\a_formation_of_fighter_jets_flying_through_a_cloudy_sky-7dfc0bc228bbf94d79db37e0309d445ffcb8a4fe.jpg","a formation of fighter jets flying through a cloudy sky","Current Events"
"https://images.unsplash.com/photo-1701374622133-83ca89b92722","unsplash_com_images\a_building_that_has_a_bunch_of_debris_in_front_of_it-ac78687e5653f70acff31e080202be7afbf6456d.jpg","a building that has a bunch of debris in front of it","Current Events"
"https://images.unsplash.com/photo-1701374622160-f49a328862e1","unsplash_com_images\a_run_down_building_with_a_bunch_of_debris_on_the_ground-34cd7ed29ec36c7769e2bcf8439a58e11dc61967.jpg","a run down building with a bunch of debris on the ground","Current Events"
"https://images.unsplash.com/photo-1701378660031-5dd70e0c1c68","unsplash_com_images\a_person_standing_on_a_sidewalk_holding_a_sign-a8c66ce04089aac07b59a212774f72960ca315f9.jpg","a person standing on a sidewalk holding a sign","Current Events"
"https://images.unsplash.com/photo-1698815924393-c98ccaef778a","unsplash_com_images\a_group_of_fighter_jets_flying_in_formation-4721b3bc10aaeb210a448c1ece2c4bdf9378d50b.jpg","a group of fighter jets flying in formation","Current Events"
"https://images.unsplash.com/photo-1702024284972-c3af87770d2b","unsplash_com_images\a_yellow_car_is_parked_on_the_side_of_the_road-83a208b9c9847d870b2ab9891ebeec01feb962cb.jpg","a yellow car is parked on the side of the road","Current Events"
"https://images.unsplash.com/photo-1702024284300-63bd75d8af8c","unsplash_com_images\a_run_down_building_with_broken_windows_and_broken_doors-0e27b2db661dab26b525f67cc4e6768d4089a0f0.jpg","a run down building with broken windows and broken doors","Current Events"
"https://images.unsplash.com/photo-1702024284245-c22c329a10ae","unsplash_com_images\a_car_driving_down_a_dirt_road_next_to_tall_buildings-c30cdd463b427479b0d442b8f09bfd0b5a208b4e.jpg","a car driving down a dirt road next to tall buildings","Current Events"
"https://images.unsplash.com/photo-1703349770396-fd4cdd7c6914","unsplash_com_images\a_large_group_of_people_walking_down_a_street-659cc05444f5af642433f7622f01685eee762f34.jpg","a large group of people walking down a street","Current Events"
"https://images.unsplash.com/photo-1551556729-c8dee4337009","unsplash_com_images\building_with_refugees_welcome_signage-ae3558231576a6a72d68f86e7e601dfef275b21c.jpg","building with refugees welcome signage","Editorial,Health & Wellness,Current Events"
"https://images.unsplash.com/photo-1706483103141-80a7690291f5","unsplash_com_images\a_large_group_of_people_walking_down_a_street-7ed1483c72b256cdb25235ac0c04069e7defd35b.jpg","a large group of people walking down a street","Current Events"
"https://images.unsplash.com/photo-1578442738278-3548a238e705","unsplash_com_images\a_group_of_people_riding_on_the_back_of_a_boat-ae8f30b6478c137da3e46d9437ce593207ecf610.jpg","a group of people riding on the back of a boat","Editorial,Health & Wellness,Sports"
"https://images.unsplash.com/photo-1593358578707-59523c89fb59","unsplash_com_images\man_in_black_tshirt_and_black_pants_lying_on_floor-87fb30c0221b451c5341480bd7be75df27d882a0.jpg","man in black t-shirt and black pants lying on floor","Health & Wellness"
"https://images.unsplash.com/photo-1707037489641-bdc2e50e7317","unsplash_com_images\a_glass_of_wine_sitting_next_to_a_plate_of_food-52a5ceb945dbca80a831b852794c76087e43a2d7.jpg","a glass of wine sitting next to a plate of food","Food & Drink"
"https://images.unsplash.com/photo-1542435503-956c469947f6","unsplash_com_images\pen_near_black_lined_paper_and_eyeglasses-7f50418f621b19701a0d2b88d2235f74b7a8158a.jpg","pen near black lined paper and eyeglasses","Editorial,Business & Work"
"https://images.unsplash.com/photo-1612120898251-e7ccaa0b67cb","unsplash_com_images\silver_macbook_on_white_table-75c8df5dcb95e5e141491dd5a2224bfef1e4ee6d.jpg","silver macbook on white table","Business & Work,Architecture & Interiors,Interiors"
"https://images.unsplash.com/photo-1513077202514-c511b41bd4c7","unsplash_com_images\high_angle_photo_of_four_pencils_and_greeting_card-cb220e60954cabc62d4ddbb4ae22ef45e2e50dfe.jpg","high angle photo of four pencils and greeting card","Editorial,Business & Work"
"https://images.unsplash.com/photo-1672807177081-ae75f0b31e94","unsplash_com_images\a_very_tall_building_with_a_sky_in_the_background-9a3adf08518a9e18b0a2212e3b8d3412495c9681.jpg","a very tall building with a sky in the background","Editorial,Business & Work,Architecture & Interiors"
"https://images.unsplash.com/photo-1582080018280-6814c0e12a6a","unsplash_com_images\macbook_air_on_brown_wooden_table-290b6594d11ccb24f487b6d198efab7440896dbd.jpg","macbook air on brown wooden table","Business & Work"
"https://images.unsplash.com/photo-1706146280535-366e12002da1","unsplash_com_images\a_room_with_a_window_and_a_sign_that_says_direct_room-66a9b4756d028bf89469491ff4450c64b67ba715.jpg","a room with a window and a sign that says direct room","Business & Work"
"https://images.unsplash.com/photo-1602781975605-a032a4234333","unsplash_com_images\person_holding_black_dslr_camera-fbcafc84fe2be5d1ec07e2e9a1306f85051399ff.jpg","person holding black dslr camera","Editorial,Business & Work"
"https://images.unsplash.com/photo-1706982272101-7b2736b93c32","unsplash_com_images\a_martini_sitting_on_top_of_a_table_next_to_a_green_cloth-a85e7e6c4c5437a3fe68c9612dcc2e4e366bae79.jpg","a martini sitting on top of a table next to a green cloth","Food & Drink"
"https://images.unsplash.com/photo-1603400938371-d030ad03505b","unsplash_com_images\black_flat_screen_computer_monitor_on_brown_wooden_desk-cae0afa435db7cbc42787d016b698eb515da3542.jpg","black flat screen computer monitor on brown wooden desk","Editorial,Business & Work"
"https://images.unsplash.com/photo-1706931691960-1e4885d6a6ca","unsplash_com_images\a_hand_holding_an_ice_cream_cone_with_a_strawberry_on_top-a46b914a659a2a9d4e6b2b983a29d8c3b2238bfa.jpg","a hand holding an ice cream cone with a strawberry on top","Editorial,Food & Drink"
"https://images.unsplash.com/photo-1600721296496-bb850e5310ad","unsplash_com_images\2_person_walking_on_desert_during_daytime-b113393043558ac5b6431267468f58cd69dde311.jpg","2 person walking on desert during daytime","Editorial,Business & Work"
"https://images.unsplash.com/photo-1706931694414-347d64676b4b","unsplash_com_images\a_table_topped_with_a_tray_of_cupcakes_and_drinks-2b7bbb678be4ae284fdc3ae86846c9f5114ea950.jpg","a table topped with a tray of cupcakes and drinks","Food & Drink"
"https://images.unsplash.com/photo-1706931745152-2d1fa19e41a8","unsplash_com_images\a_bag_of_deep_river_sea_salt_and_vinegar_chips-09ca4c203ec0a016af2ca0a7f6abf5de33ccbb95.jpg","a bag of deep river sea salt and vinegar chips","Food & Drink"
"https://images.unsplash.com/photo-1614442042855-e17d53875286","unsplash_com_images\person_holding_black_smartphone_taking_photo_of_pizza-d56ffb7a7ee22ba51a238806f74ec49492a2cf45.jpg","person holding black smartphone taking photo of pizza","Editorial,Food & Drink"
"https://images.unsplash.com/photo-1550223026-0d6fd780c560","unsplash_com_images\silver_pot_on_top_of_induction_oven-a755d81f4d156867d11fc24145c108d6c1ba26a4.jpg","silver pot on top of induction oven","Editorial,Food & Drink,Interiors"
"https://images.unsplash.com/photo-1604322679697-3d46be2ebeae","unsplash_com_images\person_holding_white_and_red_plastic_container-7db5d032adc6653ca50df3af2d9b5621f06ecafa.jpg","person holding white and red plastic container","Food & Drink"
"https://images.unsplash.com/photo-1608135145746-0907c11ccfeb","unsplash_com_images\brown_round_fruit_on_stainless_steel_tray-d2e7596a18556b859797bfe7f3076f7f484ba795.jpg","brown round fruit on stainless steel tray","Food & Drink"
"https://images.unsplash.com/photo-1489941720185-61921e41bc51","unsplash_com_images\person_holding_cup-c89413319d54f59b95942c0a01c35f44363dd8d8.jpg","person holding cup","Editorial,Food & Drink"
"https://images.unsplash.com/photo-1500511599662-5441d83fae18","unsplash_com_images\cookies_on_white_footed_saucer-eeb44c2e7dcb8afd357956c1f370d6d710c6077d.jpg","cookies on white footed saucer","Food & Drink"
"https://images.unsplash.com/photo-1596181525841-8e8bae173eb0","unsplash_com_images\yellow_lemon_fruit_in_brown_wooden_bucket-9f194bdb098cfe637c9ceb674acc6b1e96df811c.jpg","yellow lemon fruit in brown wooden bucket","Editorial,Food & Drink,Health & Wellness"
"https://images.unsplash.com/photo-1706931723349-3cd3ce9b0e12","unsplash_com_images\a_woman_is_holding_a_spoon_over_a_jar_of_honey-84dccc2dc1c0c5f947a8a15435b8b71663fced41.jpg","a woman is holding a spoon over a jar of honey","Editorial,Food & Drink"
"https://images.unsplash.com/photo-1496134732667-ae8d2853a045","unsplash_com_images\person_holding_mason_jar_with_filled_with_juice_at_daytime-a7a016323d44834b9a020f72acb658f6c30ae5f6.jpg","person holding mason jar with filled with juice at daytime","Editorial,Health & Wellness,Food & Drink"
"https://images.unsplash.com/photo-1590004987778-bece5c9adab6","unsplash_com_images\orange_and_white_floral_textile-b632c4b603126b58f459e7783fcdc5ebfe1a3e97.jpg","orange and white floral textile","Editorial,Health & Wellness,Textures & Patterns"
"https://images.unsplash.com/photo-1588517936140-11085e6b748b","unsplash_com_images\sliced_strawberries_on_black_surface-9f603c400a51b5d209bb1dcf9553a09edb7c8032.jpg","sliced strawberries on black surface","Health & Wellness"
"https://images.unsplash.com/photo-1531983412531-1f49a365ffed","unsplash_com_images\photo_of_mother_and_child_beside_body_of_water-c597000e73780b9537adfd44f42825542c57a373.jpg","photo of mother and child beside body of water","Editorial,Health & Wellness,People"
"https://images.unsplash.com/photo-1621887348744-6b0444f8a058","unsplash_com_images\a_tablet_with_the_words_mental_health_matters_on_it-11fe091242944a9bf2aca828943d3af1a1a11fe2.jpg","a tablet with the words mental health matters on it","Health & Wellness,Key Words - Mental Health"
"https://images.unsplash.com/photo-1533418683768-0a94fc845371","unsplash_com_images\clear_drinking_glass_beside_flower_vase-357c4e68769fbf07aecf72132615bc90a9ad0cce.jpg","clear drinking glass beside flower vase","Health & Wellness,Food & Drink"
"https://images.unsplash.com/photo-1556814086-bd749c2ceabd","unsplash_com_images\black_tumbler_on_shore-082ddb592bb252ff9a47edd92241c3153eec39a9.jpg","black tumbler on shore","Health & Wellness"
"https://images.unsplash.com/photo-1612293905838-667dea27cc79","unsplash_com_images\yellow_apple_fruit_on_white_round_plate-e95dca574101b81bbabe27a65bb37d5a798225cc.jpg","yellow apple fruit on white round plate","Editorial,Health & Wellness,Food & Drink"
"https://images.unsplash.com/photo-1600011229185-87b761306a3b","unsplash_com_images\brown_round_fruits_in_gray_textile_on_green_grass_during_daytime-4e8e2425bec7b3181ceb5621ebe0f31b80e1b2a9.jpg","brown round fruits in gray textile on green grass during daytime","Editorial,Health & Wellness,Food & Drink"
"https://images.unsplash.com/photo-1472747125546-5e35efed50d0","unsplash_com_images\brown_wooden_dock_beside_ocean_wave-489ca7ba9018a14653956c6435982666880582a2.jpg","brown wooden dock beside ocean wave","Spirituality"
"https://images.unsplash.com/photo-1706520489392-99d2a44bb71c","unsplash_com_images\a_field_full_of_orange_and_white_flowers-54c298135899bbe41e6d16537448b8c19dbace8d.jpg","a field full of orange and white flowers","Editorial,Experimental,Spirituality"
"https://images.unsplash.com/photo-1644832512961-a8514afdfed7","unsplash_com_images\a_woman_sitting_in_the_drivers_seat_of_a_truck-a10eddf95db2435c4bafd235253c7b1c20b70675.jpg","a woman sitting in the drivers seat of a truck","Editorial,People"
"https://images.unsplash.com/photo-1706816997830-24266d58583a","unsplash_com_images\a_woman_in_a_long_dress_sitting_on_a_ledge-b5c31982f944b597a0213e460650399dec8c72ba.jpg","a woman in a long dress sitting on a ledge","Fashion & Beauty"
"https://images.unsplash.com/photo-1669886911267-2037f52838c1","unsplash_com_images\a_person_wearing_a_hat-ef07963654df9441dac2c09444b2f800991bf647.jpg","a person wearing a hat","Editorial,Fashion & Beauty"
"https://images.unsplash.com/photo-1645368221804-09dab96f3acf","unsplash_com_images\a_woman_wearing_sunglasses_sitting_in_front_of_a_refrigerator-6dee34097eb6c715406ab96364bf67df7c0910e6.jpg","a woman wearing sunglasses sitting in front of a refrigerator","Cool Tones,Fashion & Beauty"
"https://images.unsplash.com/photo-1657114047883-55b3fd95dd74","unsplash_com_images\a_person_climbing_a_metal_fence-0a9deac2ab2789c74e82022efa71a06cf4ba5f85.jpg","a person climbing a metal fence","Editorial,Fashion & Beauty"
"https://images.unsplash.com/photo-1615174639616-4569c2bce10a","unsplash_com_images\2_women_in_black_sports_bra_and_shorts-1e18a03cf152ecf1ec76150c81e19c2fc68cb1af.jpg","2 women in black sports bra and shorts","Fashion & Beauty"
"https://images.unsplash.com/photo-1656859617812-1f8a93f77f60","unsplash_com_images\a_person_sitting_on_a_boat-0855d5a6be8739c97c73e28e63a1ffff63d197d3.jpg","a person sitting on a boat","Editorial,Experimental,Fashion & Beauty"
"https://images.unsplash.com/photo-1568913888230-97c2f2715c03","unsplash_com_images\woman_sitting_on_chair_beside_tennis_net-2903dbfe409463087df34c57cc79e8edfb0ecf62.jpg","woman sitting on chair beside tennis net","Editorial,Fashion & Beauty"
"https://images.unsplash.com/photo-1622618991746-fe6004db3a47","unsplash_com_images\two_clear_glass_perfume_bottles-fe28ec0cca187b85df73cb1dfea4b59fcd8aac8e.jpg","two clear glass perfume bottles","Editorial,Fashion & Beauty,Textures & Patterns"
"https://images.unsplash.com/photo-1643522043420-991bc8c180a9","unsplash_com_images\a_woman_in_a_black_dress_and_black_boots-bd7695ebc137340e097aa13d04f07691313e9318.jpg","a woman in a black dress and black boots","Fashion & Beauty"
"https://images.unsplash.com/photo-1651501568584-268309eae881","unsplash_com_images\a_man_with_a_necklace-03214b7ec2596d935025e5168b933668ecaa18a1.jpg","a man with a necklace","Editorial,Fashion & Beauty"
"https://images.unsplash.com/flagged/photo-1596559880461-bfbef645963f","unsplash_com_images\sliced_bread_with_black_and_red_berries_on_top-3f60acdf01d0a9bc42c6cf5ac731e83dcc6e2f70.jpg","sliced bread with black and red berries on top","Editorial,Fashion & Beauty"
"https://images.unsplash.com/photo-1544006593-1a0b9255782d","unsplash_com_images\black_glass_perfume_bottle_showing_front_label-83689180a869a7fe5a0af7ea5aa08deaae5ce0a3.jpg","black glass perfume bottle showing front label","Fashion & Beauty"
"https://images.unsplash.com/photo-1588405748880-12d1d2a59f75","unsplash_com_images\gold_perfume_bottle_on_white_textile-e13d6e38cf0936f5944fcd84c26658af94f246ec.jpg","gold perfume bottle on white textile","Fashion & Beauty"
"https://images.unsplash.com/photo-1592467674817-23092d6d3f3e","unsplash_com_images\gray_and_black_pinstripe_textile-5de60b2aef28f923a8bd6a5a059e76a02837e9c8.jpg","gray and black pinstripe textile","Fashion & Beauty"
"https://images.unsplash.com/photo-1616247380773-c760ba067d5f","unsplash_com_images\two_brown_wooden_blocks_with_red_lipstick-5156e414ab6f5fb8da2a8883476ffbb29af6a1c2.jpg","two brown wooden blocks with red lipstick","Fashion & Beauty"
"https://images.unsplash.com/photo-1707150814808-c7fdba03c49f","unsplash_com_images\a_close_up_of_a_pair_of_earrings_on_a_cloth-9e2cc784a83ae14ba0cb75b6be20bd49c8b807ff.jpg","a close up of a pair of earrings on a cloth","Editorial,Fashion & Beauty"
"https://images.unsplash.com/photo-1601671886937-dba1ebb55ab2","unsplash_com_images\woman_in_gray_hijab_taking_selfie-fbb8b3907376474b8d214aa8fc1eda72a7a06515.jpg","woman in gray hijab taking selfie","Editorial,People,Fashion & Beauty"
"https://images.unsplash.com/photo-1633307375906-709ce1b7e9f3","unsplash_com_images\an_asian_woman_wearing_a_black_turtle_neck_sweater-40943421620481ceca5be84d1c91ffdf747fc618.jpg","an asian woman wearing a black turtle neck sweater","Fashion & Beauty,People"
"https://images.unsplash.com/photo-1661805261496-040217e31b90","unsplash_com_images\a_person_lying_in_a_stream-5e8a19ce9dd7a0ec4f21bc54a92e3cd4d357e581.jpg","a person lying in a stream","Editorial,People"
"https://images.unsplash.com/photo-1706965048366-75bb371fa357","unsplash_com_images\a_young_girl_is_holding_a_toothbrush_and_wearing_a_dragon_headdress-740098777e6f1bbe7cc39843c6179ab078c5fdb1.jpg","a young girl is holding a toothbrush and wearing a dragon headdress","Editorial,People"
"https://images.unsplash.com/photo-1706012877193-70fb8442179d","unsplash_com_images\a_close_up_of_two_people_holding_hands-3f0c8681a3e2b3b4f420cfdb58756a18dacfba45.jpg","a close up of two people holding hands","Editorial,People"
"https://images.unsplash.com/photo-1706948133297-f5eb1fa74a49","unsplash_com_images\a_woman_with_glasses_is_leaning_against_a_wall-ce50d5cc3871a5a93747cd93b98afcece676742f.jpg","a woman with glasses is leaning against a wall","Editorial,People"
"https://images.unsplash.com/photo-1679270107593-08c4c38f6fc2","unsplash_com_images\a_woman_standing_in_front_of_a_red_wall-c642b148fe5028e0b7501805a4554b53ffe2d96a.jpg","a woman standing in front of a red wall","People"
"https://images.unsplash.com/photo-1706816997319-ec78e93d0fdd","unsplash_com_images\a_woman_with_no_shirt_standing_in_a_window-5b3982ba386b2c90fe2b6fb402ed2b5521360998.jpg","a woman with no shirt standing in a window","People"
"https://images.unsplash.com/photo-1550306743-467991434d23","unsplash_com_images\woman_standing_on_stone-5660827600ecee79585fc3a871019d16e7896d3c.jpg","woman standing on stone","Editorial,People"
"https://images.unsplash.com/photo-1635447786463-403aefb4ba8c","unsplash_com_images\a_woman_with_red_hair_standing_in_a_forest-853a0bffbbdde781684a124514b98e22ec2aa5fe.jpg","a woman with red hair standing in a forest","Editorial,Fashion & Beauty,People"
"https://images.unsplash.com/photo-1632218287847-c8270026b4de","unsplash_com_images\a_woman_standing_on_top_of_a_sandy_beach-2174e909b3b28d93f84cf8aab9e8eb91c12284cd.jpg","a woman standing on top of a sandy beach","Editorial,People"
"https://images.unsplash.com/photo-1557431968-2c43c8e896e6","unsplash_com_images\woman_wearing_blue_denim_jacket_standing_beside_wall-0fe2c793d63cf9330533e1c79f16b7e914d8b13f.jpg","woman wearing blue denim jacket standing beside wall","Editorial,People"
"https://images.unsplash.com/photo-1642416245836-144de6d8cfcd","unsplash_com_images\a_woman_with_curly_hair_wearing_a_white_dress-f1654bb7865b9af661d6e2476b8285bfbac45e62.jpg","a woman with curly hair wearing a white dress","Editorial,People"
"https://images.unsplash.com/photo-1706866555725-c1ecb4342c36","unsplash_com_images\a_man_wearing_a_black_hat_and_a_pair_of_ear_piercings-a71b6f6da028160895706e819974da014e30f7e2.jpg","a man wearing a black hat and a pair of ear piercings","Editorial,People"
"https://images.unsplash.com/photo-1496568934502-9e86936646be","unsplash_com_images\girl_drinking_yellow_juice-f2da5f804d1ebcb483f9a3cd5d7e91f181675834.jpg","girl drinking yellow juice","Editorial,People,Health & Wellness"
"https://images.unsplash.com/photo-1705905343988-fb65612ee5b0","unsplash_com_images\a_bunch_of_tall_grass_blowing_in_the_wind-3660a88ecfc33d91b6760ed17e46e484139dae45.jpg","a bunch of tall grass blowing in the wind","Editorial,Spirituality"
"https://images.unsplash.com/photo-1705875999426-b2899c13a70c","unsplash_com_images\a_lone_tree_sitting_on_top_of_a_snow_covered_hill-917d2992d40540ddcb22352b239d3dfaf77cb979.jpg","a lone tree sitting on top of a snow covered hill","Editorial,Spirituality,Wallpapers"
"https://images.unsplash.com/photo-1706303192345-294f72ac7d4d","unsplash_com_images\a_close_up_of_a_building_with_a_very_intricate_design-d3c972a259e3348ca372be79c4145d2eb964fbf8.jpg","a close up of a building with a very intricate design","Editorial,Spirituality"
"https://images.unsplash.com/photo-1706261130892-d814895a4292","unsplash_com_images\a_body_of_water_surrounded_by_land_and_mountains-01801ba7fa9bf9a53d7f3348653846f5395aeb0d.jpg","a body of water surrounded by land and mountains","Editorial,Spirituality"
"https://images.unsplash.com/photo-1623172959921-630212f71058","unsplash_com_images\leafless_tree_under_purple_sky-ab2b6b4d11121a681c1c55f468ad88bb653c1f79.jpg","leafless tree under purple sky","Spirituality"
"https://images.unsplash.com/photo-1515339760107-1952b7a08454","unsplash_com_images\closeup_photo_of_white_leaves-cc6c6ca9a7fcf748d8a1bccdc53aaf528890129a.jpg","closeup photo of white leaves","Editorial,Spirituality,Nature"
"https://images.unsplash.com/photo-1584106967233-9ee97d8ad066","unsplash_com_images\brown_dried_leaves_on_body_of_water-0b09563ebcd7d9d2dc421f1f93db29db1fa83d93.jpg","brown dried leaves on body of water","Spirituality"
"https://images.unsplash.com/photo-1623823501504-50e80f4f15e9","unsplash_com_images\woman_in_gray_dress_holding_a_stainless_steel_bowl-9e96e081a7bc78789734412bb41570c644945344.jpg","woman in gray dress holding a stainless steel bowl","Editorial,Health & Wellness,Spirituality"
"https://images.unsplash.com/photo-1706980294246-923f91459539","unsplash_com_images\a_dimly_lit_church_with_rows_of_chairs-744e9e803567ef84e781f38f56f547745d41b739.jpg","a dimly lit church with rows of chairs","Editorial,Spirituality"
"https://images.unsplash.com/photo-1707063497724-388fcaf5d2d1","unsplash_com_images\a_plant_with_white_flowers_in_the_snow-ce3c15357c022cbf921afa5bb23473069e47bf68.jpg","a plant with white flowers in the snow","Editorial,Spirituality"
"https://images.unsplash.com/photo-1706535564563-d5613c74b78d","unsplash_com_images\a_view_of_a_city_with_a_clock_tower_in_the_background-60ee87baafe0522634f460d67c928fe15a48f05a.jpg","a view of a city with a clock tower in the background","Editorial,Spirituality"
"https://images.unsplash.com/photo-1706993886447-0ab59e333c86","unsplash_com_images\a_vase_with_a_small_white_flower_in_it-5c19ae8e0c4c967a1dda7630030f091a43daad00.jpg","a vase with a small white flower in it","Editorial,Spirituality"
"https://images.unsplash.com/photo-1706890247656-eaef34b9a696","unsplash_com_images\a_cup_of_coffee_and_some_pink_tulips_on_a_book-27d6514cc8422c4c0abb83f06d17128998e8ab4a.jpg","a cup of coffee and some pink tulips on a book","Spirituality"
"https://images.unsplash.com/photo-1706873967843-c3e5bd7c24b6","unsplash_com_images\a_white_pitcher_and_a_plate_with_an_orange_on_it-1ca0f405e654bc17420ae8280fc7bc4fc3d4e118.jpg","a white pitcher and a plate with an orange on it","Spirituality"
"https://images.unsplash.com/photo-1451342695181-17c97b85aab4","unsplash_com_images\grayscale_photo_of_girl_looking_at_flowers-cdcda896ca589189acd5fdb58fe820be1ffc3254.jpg","grayscale photo of girl looking at flowers","Editorial,People,Spirituality"
"https://images.unsplash.com/photo-1518281579100-d51bcf505b0e","unsplash_com_images\purple_flowers_on_bookpage-002f80aa0e5b63f4b094684e25c9a3ac37883697.jpg","purple flowers on bookpage","Editorial,Spirituality"
"https://images.unsplash.com/photo-1705056590711-256d15c16ccb","unsplash_com_images\a_large_bird_flying_through_a_yellow_sky-a73edd562e2939ffa8510d6397be38e9feea335c.jpg","a large bird flying through a yellow sky","Animals"
"https://images.unsplash.com/photo-1705056590548-39feb5800644","unsplash_com_images\a_group_of_deer_standing_on_top_of_a_foggy_hillside-4ff386a1f865faefe6a2248023f65a7fcfc73bc9.jpg","a group of deer standing on top of a foggy hillside","Animals"
"https://images.unsplash.com/photo-1584448097922-e8a35f006887","unsplash_com_images\people_walking_on_street_during_daytime-e4a455a134f0048ddcabb3e6179ddb728be761a8.jpg","people walking on street during daytime","Archival"
"https://images.unsplash.com/photo-1706977344339-3ffe663e5a25","unsplash_com_images\a_blurry_photo_of_a_black_and_white_background-7cdb1bfbec58d1c6902bb31a6d5b4ef55ff20d15.jpg","a blurry photo of a black and white background","Cool Tones,Experimental"
"https://images.unsplash.com/photo-1691331694194-5edeb70d3f4a","unsplash_com_images\a_group_of_men_standing_next_to_each_other_in_front_of_a_camera-70b9f5800fb7e0bee1ef8336d47175ca16237285.jpg","a group of men standing next to each other in front of a camera","Archival"
"https://images.unsplash.com/photo-1580713864169-f7f52047cde6","unsplash_com_images\red_and_white_store_front-4fd4936aec1932359386c6e9ebfb4d37267d67e2.jpg","red and white store front","Archival"
"https://images.unsplash.com/photo-1684183471945-35130328b03d","unsplash_com_images\a_black_and_white_photo_of_smoke_coming_out_of_a_pipe-e5d4d2b7c8dfb4be8ac7e8ee017c16dc7f7f19b8.jpg","a black and white photo of smoke coming out of a pipe","Editorial,Archival"
"https://images.unsplash.com/photo-1700141379899-0c35ba4d7c22","unsplash_com_images\a_painting_of_a_woman_wearing_a_red_hat-b3099ebc68c0f1cb4d54748a7212312acf5e9994.jpg","a painting of a woman wearing a red hat","Archival"
"https://images.unsplash.com/photo-1571844117932-ead3aec4c606","unsplash_com_images\grayscale_photography_of_group_of_men_beside_fighter_jet-fbf06bb6bad199ddd14565c4616da7470c9d7ff5.jpg","grayscale photography of group of men beside fighter jet","Editorial,Archival"
"https://images.unsplash.com/photo-1578589318669-15b0738b0463","unsplash_com_images\a_satellite_image_of_a_red_mountain_range-377f36200ed5038ea66d28a2779112cad18bf976.jpg","a satellite image of a red mountain range","Editorial,Archival"
"https://images.unsplash.com/photo-1567617171179-7a20660266e5","unsplash_com_images\grayscale_photography_of_people_walking_near_road_viewing_highrise_buildings-96a86bc2ee79bdcd699c3d89cba3c6b7e22f4dce.jpg","grayscale photography of people walking near road viewing high-rise buildings","Archival"
"https://images.unsplash.com/photo-1701294458496-59a3fd98c2ba","unsplash_com_images\a_black_and_white_drawing_of_a_man_in_a_hat-777074612e52c1ba339ea79d8e863cb24c477992.jpg","a black and white drawing of a man in a hat","Archival"
"https://images.unsplash.com/photo-1691242716279-0df65178d254","unsplash_com_images\a_black_and_white_photo_of_a_group_of_people_sitting_at_a_table-3ecf7174dfc09cb2593b10d91bbbda0dc5816f8f.jpg","a black and white photo of a group of people sitting at a table","Archival"
"https://images.unsplash.com/photo-1625043400446-e68e0e2c227e","unsplash_com_images\white_sand_under_blue_sky_during_daytime-66b89c1bc2906dcc9b231d4602806380d731ac04.jpg","white sand under blue sky during daytime","Archival"
"https://images.unsplash.com/photo-1582140161498-41c99a3721e5","unsplash_com_images\woman_in_yellow_and_blue_shirt_painting-1761f1c2f0d57eb38c5b0e4c619f17f35b2e3d3f.jpg","woman in yellow and blue shirt painting","Editorial,Archival"
"https://images.unsplash.com/photo-1703243596734-340686461523","unsplash_com_images\Woolworth_tower_in_clouds_New_York_City_Summary_Woolworth_Building-db6d6f30c15b648d8aba8765eb70609c3eb8f932.jpg","Woolworth tower in clouds, New York City Summary Woolworth Building.","Editorial,Spirituality,Archival"
"https://images.unsplash.com/photo-1640108899713-85e26262b634","unsplash_com_images\a_group_of_men_standing_next_to_each_other_in_front_of_a_building-558525cd8a54fb0780c55bf7deaa50c915fd7ab0.jpg","a group of men standing next to each other in front of a building","Editorial,Archival"
"https://images.unsplash.com/photo-1633081528863-d68fe4d676a1","unsplash_com_images\a_drawing_of_a_turtle_and_a_turtle_on_a_white_background-726ac46eba87e5d18b79b1cdae87d227003cf712.jpg","a drawing of a turtle and a turtle on a white background","Archival"
"https://images.unsplash.com/photo-1684260757296-30df02cb9f55","unsplash_com_images\a_black_and_white_photo_of_soldiers_in_a_trench-9a96f7fb74fe6efc894993132a9d2d58d94dc817.jpg","a black and white photo of soldiers in a trench","Editorial,Archival"
"https://images.unsplash.com/photo-1698943498125-868551abdbbc","unsplash_com_images\a_painting_of_a_church_filled_with_people-4a8d133415cdbcec199e4655b57b37e850b6b235.jpg","a painting of a church filled with people","Archival"
"https://images.unsplash.com/photo-1584712900994-6b526e71a924","unsplash_com_images\yellow_and_black_caterpillar_on_brown_stem-f8c3662172ab0d22734a336a7059685b16d6cc5f.jpg","yellow and black caterpillar on brown stem","Editorial,Archival,Animals"
"https://images.unsplash.com/photo-1701960125241-199f47548589","unsplash_com_images\a_painting_of_a_woman_in_a_brown_dress-4b4da0aeeaecf5f0dede28b351eb5f298b0270c6.jpg","a painting of a woman in a brown dress","Archival"
"https://images.unsplash.com/photo-1706887860256-b110c9c01bce","unsplash_com_images\a_large_field_with_a_house_in_the_middle_of_it-1a4e9188380e4ae20367bb47d30b23549174d7f6.jpg","a large field with a house in the middle of it","Editorial,Experimental"
"https://images.unsplash.com/photo-1707051004692-bbb71f0b04fb","unsplash_com_images\a_blurry_photo_of_a_carnival_ride-bb761134489dfa3bbebfd17bb38a695c26aedec5.jpg","a blurry photo of a carnival ride","Experimental"
"https://images.unsplash.com/photo-1707186749641-dba5d1b27378","unsplash_com_images\a_close_up_of_a_plant_with_orange_and_green_leaves-d5e77f5285cc8d583abd8422efff803d00172e1e.jpg","a close up of a plant with orange and green leaves","Experimental"
"https://images.unsplash.com/photo-1707163333162-da202d253c67","unsplash_com_images\a_field_with_a_tree_in_the_middle_of_it-950b2afb498f7555ef39112aee0517b6e013fb7e.jpg","a field with a tree in the middle of it","Experimental"
"https://images.unsplash.com/photo-1706962010833-892abc258faf","unsplash_com_images\a_window_display_of_clothing_in_a_store-c67ea984927d35b49a00f6d64d9ffd7c933fd691.jpg","a window display of clothing in a store","Experimental"
"https://images.unsplash.com/photo-1706690751305-7d705b32ea5d","unsplash_com_images\a_black_and_white_photo_of_a_stove_top-6a6046b2a43234f7176af0ba4bb31ea30d0de1d6.jpg","a black and white photo of a stove top","Experimental"
"https://images.unsplash.com/photo-1707102499633-e6046b055640","unsplash_com_images\a_bunch_of_blue_and_white_flowers_in_a_field-e9e253b7dbfb0244f0b71be3c5129c134352f6b1.jpg","a bunch of blue and white flowers in a field","Experimental,Wallpapers"
"https://images.unsplash.com/photo-1707037803673-ad6a6f7380b0","unsplash_com_images\a_glass_vase_with_a_flower_inside_of_it-810f018d784aa957b7172206aae0f1c1f3b200b1.jpg","a glass vase with a flower inside of it","Experimental"
"https://images.unsplash.com/photo-1688152853061-06bd109e6c0e","unsplash_com_images\a_man_with_a_flower_on_his_forehead-c0a462ddfc72354f2191d9b0fe26de3ef344dc4f.jpg","a man with a flower on his forehead","Editorial,Experimental"
"https://images.unsplash.com/photo-1706967930717-dfc3baed1530","unsplash_com_images\a_person_walking_down_a_long_hallway_with_red_neon_lights-1a3374723fe7aa7e3702525a67587e32bb4b53a2.jpg","a person walking down a long hallway with red neon lights","Experimental"
"https://images.unsplash.com/photo-1532622017283-096a4c6336be","unsplash_com_images\steelwool_photography_of_brown_rock_formations-2721e138a2d21b0319f4f7124333bcecbecc556f.jpg","steel-wool photography of brown rock formations","Editorial,Experimental,Wallpapers"
"https://images.unsplash.com/photo-1571670069790-7d3bd59f76be","unsplash_com_images\mens_white_and_black_polo_shirt-b016b673c26d2e87bf1284058cc7ac539704bb53.jpg","men's white and black polo shirt","Editorial,Experimental"
"https://images.unsplash.com/photo-1701294004499-e2bb37ae23d1","unsplash_com_images\a_sailboat_floating_in_the_middle_of_a_body_of_water-394c9da49f6a5b62e60a6fba6ae2a2a20275c3e5.jpg","a sailboat floating in the middle of a body of water","Experimental"
"https://images.unsplash.com/photo-1459314079206-9970f36c7784","unsplash_com_images\person_holding_sliced_watermelon-d68dabc2edde1482e98aca6759b9681b01d90d96.jpg","person holding sliced watermelon","Editorial,Food & Drink,Health & Wellness"
"https://images.unsplash.com/photo-1705056590433-6d0499682209","unsplash_com_images\a_deer_standing_in_a_field_of_tall_grass-89f679c67213f24944f199852aff4adf80e0cca7.jpg","a deer standing in a field of tall grass","Animals"
"https://images.unsplash.com/photo-1705056590310-d98845751515","unsplash_com_images\a_small_bird_sitting_on_top_of_a_white_bowl-1d7885c7673ef366dba863cd31cd53b1bc7ce49c.jpg","a small bird sitting on top of a white bowl","Animals"
"https://images.unsplash.com/photo-1704815651107-02a7fc086f81","unsplash_com_images\a_close_up_of_a_fox_looking_at_the_camera-df72ded7607ebb4a2ef968d1e5932b4c7adaa28f.jpg","a close up of a fox looking at the camera","Animals"
"https://images.unsplash.com/photo-1705056580317-3cedd8f38034","unsplash_com_images\a_flock_of_birds_flying_through_a_blue_sky-02f91ee76359704c5ac50413cddc6554815310ee.jpg","a flock of birds flying through a blue sky","Animals"
"https://images.unsplash.com/photo-1704815651334-124070a4920b","unsplash_com_images\a_flock_of_birds_flying_over_a_body_of_water-17d476f585844d51c220fac3af987ba580a08851.jpg","a flock of birds flying over a body of water","Animals"
"https://images.unsplash.com/photo-1705056590127-d0c6a3b88529","unsplash_com_images\a_close_up_of_a_bird_on_a_rock-a8640e856cff537b66492b507f1199ae9ced387f.jpg","a close up of a bird on a rock","Animals"
"https://images.unsplash.com/photo-1707124853612-70caabbd0364","unsplash_com_images\a_white_polar_bear_standing_on_top_of_a_river-1823ce64aff2b9ec9654e36f55d94b89f1c00d30.jpg","a white polar bear standing on top of a river","Animals"
"https://images.unsplash.com/photo-1707124853578-99735efb459f","unsplash_com_images\a_large_white_polar_bear_sitting_on_top_of_a_rock-d9ba2b1100334f8e5ddbd77dae309e276cfce345.jpg","a large white polar bear sitting on top of a rock","Animals"
"https://images.unsplash.com/photo-1706702511692-24b50c18b5ba","unsplash_com_images\a_couple_of_ducks_walking_across_a_snow_covered_field-933cd9ec964bc1eb0a01d1f3b06d14244e0e6948.jpg","a couple of ducks walking across a snow covered field","Cool Tones,Animals"
"https://images.unsplash.com/photo-1707150156077-ae2412743812","unsplash_com_images\a_white_and_orange_bird_flying_over_the_water-dbcfa66ef8efd4ab3b28f04f79757ce70170fe8b.jpg","a white and orange bird flying over the water","Animals"
"https://images.unsplash.com/photo-1706696648779-aace52d2d443","unsplash_com_images\a_close_up_of_a_yellow_and_black_insect_on_purple_flowers-70f142b036cabe1ae6d5549ec304037e5d61e851.jpg","a close up of a yellow and black insect on purple flowers","Editorial,Animals"
"https://images.unsplash.com/photo-1706783704217-d24930736585","unsplash_com_images\a_close_up_of_a_crocodiles_eye_and_skin-b7e8c5953e6b597849c174c0e66a139f6d13fe8c.jpg","a close up of a crocodile's eye and skin","Editorial,Animals"
"https://images.unsplash.com/photo-1688537174131-35decb752e34","unsplash_com_images\a_pelican_sitting_on_a_log_in_a_forest-69c2ad4cb54e7cf2041c768698926fcc66c8616b.jpg","a pelican sitting on a log in a forest","Animals"
"https://images.unsplash.com/photo-1541941069698-4b5ca745d7e1","unsplash_com_images\brown_deer_on_snow_field-d5cca4171301715a92c0338b8f92d655401995fd.jpg","brown deer on snow field","Editorial,Animals"
"https://images.unsplash.com/photo-1562774488-ed7ea56cfcf2","unsplash_com_images\empty_basement_with_graffiti_walls-8b441d99855d3aeee65e3692038bef5a013a5a7d.jpg","empty basement with graffiti walls","Film"
"https://images.unsplash.com/photo-1707187478206-f68e2b7f672f","unsplash_com_images\a_car_driving_down_a_street_at_night-5d052e85efc17fe723798a31ece811da41c9eb54.jpg","a car driving down a street at night","Street Photography"
"https://images.unsplash.com/photo-1621252475737-6bda329c16e1","unsplash_com_images\white_and_green_concrete_building-9d1616cc96e1dfd4a71e56d3f6c2fbc321e2f4d9.jpg","white and green concrete building","Film"
"https://images.unsplash.com/photo-1707187911207-7a3ac1ebda19","unsplash_com_images\a_red_garage_door_sitting_next_to_a_tall_building-3c7ae16d91978b85b9274d1f0cbc7c94bd1357bb.jpg","a red garage door sitting next to a tall building","Street Photography"
"https://images.unsplash.com/photo-1707187444693-0a7c57769024","unsplash_com_images\a_car_parked_in_a_parking_lot_at_night-e764d4e8905f459b3e5018113927e7e73be44772.jpg","a car parked in a parking lot at night","Editorial,Street Photography"
"https://images.unsplash.com/photo-1707058665963-09189ca21ae3","unsplash_com_images\a_red_object_in_the_middle_of_a_dark_space-42358b78d48e0c17374daac3c1bb750fb6d16874.jpg","a red object in the middle of a dark space","Archival"
"https://images.unsplash.com/photo-1707217613102-1bc1544a8905","unsplash_com_images\a_group_of_people_walking_down_a_street_at_night-4e9cda691633107a187089a5720439869277ffd2.jpg","a group of people walking down a street at night","Cool Tones,Street Photography"
"https://images.unsplash.com/photo-1707135364975-26fff6565fd9","unsplash_com_images\a_person_walking_down_a_street_with_an_umbrella-76dad61416d23a4604f63aa634840137b4914de5.jpg","a person walking down a street with an umbrella","Street Photography"
"https://images.unsplash.com/photo-1707135356712-f9c6d6fb17df","unsplash_com_images\a_person_riding_a_skateboard_down_a_flight_of_stairs-43e37e6d04624a9d5b607d725ba5fc99a886238f.jpg","a person riding a skateboard down a flight of stairs","Street Photography"
"https://images.unsplash.com/photo-1707066155575-ec090207efc3","unsplash_com_images\a_group_of_food_trucks_parked_next_to_each_other-e087e335d16bc0b226a5a1d3ecf51c32389bc770.jpg","a group of food trucks parked next to each other","Street Photography"
"https://images.unsplash.com/photo-1707246519904-82761aaa1efa","unsplash_com_images\a_person_walking_across_a_snow_covered_street-de143a4c4dab049acd9cce07e06424121c9e90aa.jpg","a person walking across a snow covered street","Editorial,Street Photography"
"https://images.unsplash.com/photo-1706838238132-060b7ac787d7","unsplash_com_images\a_red_and_white_building_with_a_red_and_white_awning-84fe1143accadf3d00aeecb2f5bbd99591d171e1.jpg","a red and white building with a red and white awning","Street Photography"
"https://images.unsplash.com/photo-1707248037436-063fae586577","unsplash_com_images\a_garbage_truck_parked_on_the_side_of_the_road-f00d1813708f5db6dbf21e552cc4e67ab294227a.jpg","a garbage truck parked on the side of the road","Street Photography"
"https://images.unsplash.com/photo-1706868934219-d131fe73ee62","unsplash_com_images\a_person_sitting_on_a_bench_in_front_of_a_building-6b63fa6b573ece948e397f1511a49b6092a93bfa.jpg","a person sitting on a bench in front of a building","Street Photography"
"https://images.unsplash.com/photo-1535924113185-0dfffc654b6a","unsplash_com_images\blue_vending_machine-5234b2ba37d4903f3ef2fb9344a732875056f518.jpg","blue vending machine","Editorial,Street Photography"
"https://images.unsplash.com/photo-1534883633148-4a95d76249b3","unsplash_com_images\woman_looking_at_batman_graffiti_wall_art-62a2b416e233d66dad70012a5da4253b43014e39.jpg","woman looking at batman graffiti wall art","Street Photography"
"https://images.unsplash.com/photo-1418147450896-f9520798b323","unsplash_com_images\a_city_street_filled_with_lots_of_people-28e637e7008a2b7321e9dc380e688f5acd7c0b81.jpg","a city street filled with lots of people","Editorial,Street Photography"
"https://images.unsplash.com/photo-1514797129331-bcb2da38651d","unsplash_com_images\woman_taking_camera_near_black_SUV-1fb583c113fa76bf59ef6044e74123d200d04b02.jpg","woman taking camera near black SUV","Editorial,Street Photography"
"https://images.unsplash.com/photo-1518146020750-1da731b416a0","unsplash_com_images\women_walking_on_street-37e06dbff4aec29029f1b1b7cff3bf39870fa4dc.jpg","women walking on street","Street Photography"
"https://images.unsplash.com/photo-1676477481164-ed72d7dc7978","unsplash_com_images\a_building_with_a_fire_hydrant_in_front_of_it-7d93a9c114804095396cf9ffb02cc57ff0f1d19b.jpg","a building with a fire hydrant in front of it","Street Photography"
"https://images.unsplash.com/photo-1707248543189-51bfa4311b6f","unsplash_com_images\a_couple_of_people_sitting_in_front_of_a_window-b0016f4d5da51cba17e2e3cc7f000335f544b951.jpg","a couple of people sitting in front of a window","Street Photography"
"https://images.unsplash.com/photo-1694457426163-dc1926678540","unsplash_com_images\a_black_car_parked_in_front_of_a_tall_building-c1ec6737fd0f3eaec63abb75ca535e85e5cd1f52.jpg","a black car parked in front of a tall building","Street Photography"
"https://images.unsplash.com/photo-1706982138767-44a25a0404a8","unsplash_com_images\a_black_and_white_photo_of_rocks_and_water-ddf88ca76b5d9362de3c194ac8743a3c79cbbdc0.jpg","a black and white photo of rocks and water","Film"
"https://images.unsplash.com/photo-1706284340691-f83bc4a5e504","unsplash_com_images\a_woman_sitting_on_a_couch_holding_a_remote_control-c325cf774122dc2ed1e7fc836809143d9a4e202d.jpg","a woman sitting on a couch holding a remote control","Film"
"https://images.unsplash.com/photo-1707136153352-394b09ca412a","unsplash_com_images\a_fire_hydrant_sitting_next_to_a_red_brick_building-367b23477bc36c5f9f63aea5646985dc3dff20d6.jpg","a fire hydrant sitting next to a red brick building","Film"
"https://images.unsplash.com/photo-1707136153253-e0181dbf3569","unsplash_com_images\a_white_house_with_a_green_door_and_windows-6111dd59273e895ddbdff1d0fcbeabaabc998c53.jpg","a white house with a green door and windows","Film"
"https://images.unsplash.com/photo-1620924931463-2e056aa5335c","unsplash_com_images\text-2c494922a52e746c21010023c66945fa19dec9d0.jpg","text","Film"
"https://images.unsplash.com/photo-1621252475727-7642df02b138","unsplash_com_images\graffiti_on_wall_during_daytime-40e4bf741b99b287ede005789fe8eea871375a64.jpg","graffiti on wall during daytime","Film"
"https://images.unsplash.com/photo-1632153604398-5e7218ef377d","unsplash_com_images\a_group_of_people_sitting_on_top_of_a_pier_next_to_the_ocean-1e3d10c8d8e024bd4957dd9a038f3f70c98aaa1d.jpg","a group of people sitting on top of a pier next to the ocean","Editorial,Film"
"https://images.unsplash.com/photo-1556718205-1de7550f698d","unsplash_com_images\black_bicycle_parked_beside_wall-cd012aa7a44c7aca8daa5d5e3125f353365d5b42.jpg","black bicycle parked beside wall","Film"
"https://images.unsplash.com/photo-1707264284569-e5956c65af5e","unsplash_com_images\a_black_and_white_photo_of_a_bird_on_a_wire-5ff1e7675f42b9a3df01a8d1cfd286c0c9167379.jpg","a black and white photo of a bird on a wire","Film"
"https://images.unsplash.com/photo-1706833227503-6085421012b7","unsplash_com_images\a_group_of_people_walking_down_a_cobblestone_street-3c585e1b357b7b1b289c33f2a8809d2ddb0a1ad2.jpg","a group of people walking down a cobblestone street","Film"
"https://images.unsplash.com/photo-1706993317236-753f27926c1e","unsplash_com_images\a_lone_tree_stands_alone_in_a_barren_field-7688d0238a655fab9088f15abcbb2a7789678895.jpg","a lone tree stands alone in a barren field","Film"
"https://images.unsplash.com/photo-1706993575931-7dd0872da8f8","unsplash_com_images\a_black_and_white_photo_of_a_lighthouse_through_a_window-d23093a01dd01d53f0759759a21cd7e526b53ba0.jpg","a black and white photo of a lighthouse through a window","Film"
"https://images.unsplash.com/photo-1707264284642-70fda2bb09af","unsplash_com_images\a_black_and_white_photo_of_a_man_sitting_in_the_dark-be630e3564c39dfeb27bb854bc62eed400433a1e.jpg","a black and white photo of a man sitting in the dark","Film"
"https://images.unsplash.com/photo-1621252475719-77a5cc484abc","unsplash_com_images\white_and_green_graffiti_on_white_concrete_building-0f95f16c1c8e269243952968c8333c782e7b282c.jpg","white and green graffiti on white concrete building","Film"
"https://images.unsplash.com/photo-1707265353704-4a6fe172e8f6","unsplash_com_images\a_blue_car_parked_next_to_a_white_wall-b871a0d13562c9b28fc91621dbb76cc33e32aa6f.jpg","a blue car parked next to a white wall","Cool Tones,Film"
"https://images.unsplash.com/photo-1707136153228-2208e141819e","unsplash_com_images\a_brick_wall_with_a_clock_tower_in_the_background-19b8d33d6ca9da9c6a1c151ec7754e359920b5ea.jpg","a brick wall with a clock tower in the background","Film"
"https://images.unsplash.com/photo-1707321222087-312ab956cc21","unsplash_com_images\a_woman_kneeling_down_next_to_a_black_and_white_dog-f359c474fb704d4f3a2c6c80b2e4d4a53bd56e8f.jpg","a woman kneeling down next to a black and white dog","Film"
"https://images.unsplash.com/photo-1707321222082-11203d5f87bd","unsplash_com_images\a_parking_lot_with_a_car_parked_in_front_of_it-03b2be308f8733077d343c9f2a014d5b4c85824e.jpg","a parking lot with a car parked in front of it","Film"
"https://images.unsplash.com/photo-1513754934927-4606bafe9858","unsplash_com_images\yellow_umbrella-b33f243bc44f5f0c8688fd8a11ec5e1ee87d374e.jpg","yellow umbrella","Editorial,Textures & Patterns,Color of Water"
"https://images.unsplash.com/photo-1482350325005-eda5e677279b","unsplash_com_images\shallow_focus_photography_of_store_pendant_lamps-c60831f7e240112a3bf211baf7933cae4cf9c2dc.jpg","shallow focus photography of store pendant lamps","Editorial,Architecture & Interiors"
"https://images.unsplash.com/photo-1586023492125-27b2c045efd7","unsplash_com_images\brown_wooden_framed_yellow_padded_chair-e3a13a4c9d23ff2ad4371d003e300b13f2fedadd.jpg","brown wooden framed yellow padded chair","Editorial,3D Renders,Architecture & Interiors"
"https://images.unsplash.com/photo-1505845297973-ae7a996087c4","unsplash_com_images\aerial_view_of_seashore_forming_waves-7a50ac23141fb80871ca7a37c698947ca47d2d45.jpg","aerial view of seashore forming waves","Editorial,Travel"
"https://images.unsplash.com/photo-1706908432387-b28d74db7559","unsplash_com_images\a_woman_standing_on_the_hood_of_a_car-ad12d129bf54f4fafa81a7f91bf41e7f5b3d92f6.jpg","a woman standing on the hood of a car","Editorial,Travel"
"https://images.unsplash.com/photo-1707235163469-77a956351b02","unsplash_com_images\a_group_of_people_in_a_field_of_green_grass-38aae5e18e29a9ecd14276861387e6d355815b9f.jpg","a group of people in a field of green grass","Travel"
"https://images.unsplash.com/photo-1707248543158-96f5bbf5f360","unsplash_com_images\a_large_building_with_red_and_blue_lights_on_the_ceiling-5702b3af9cd8bf4838bd67e439c4e635227e370e.jpg","a large building with red and blue lights on the ceiling","Travel"
"https://images.unsplash.com/photo-1707271564075-01412d79ad93","unsplash_com_images\a_group_of_people_standing_next_to_each_other_near_a_body_of_water-2c2c65bec9b7e7c24e7f01418ddddcd93b9f5e67.jpg","a group of people standing next to each other near a body of water","Editorial,Travel"
"https://images.unsplash.com/photo-1705450302550-dd8035da2b60","unsplash_com_images\a_red_bus_traveling_down_a_snow_covered_road-7bd41ec337156f52c2f7db8b05b6af7cabcf7609.jpg","a red bus traveling down a snow covered road","Travel"
"https://images.unsplash.com/photo-1518658605361-756f5de4a582","unsplash_com_images\people_standing_on_shore_near_city_buildings_and_ocean_during_sunset-55609186c53326fb487afc29c0d71bd4e6dc2925.jpg","people standing on shore near city buildings and ocean during sunset","Editorial,Travel"
"https://images.unsplash.com/photo-1705450298521-6039856be2c5","unsplash_com_images\an_aerial_view_of_a_city_and_a_bridge-a39e052488d4ca642dbd82ec26c305a05bf43964.jpg","an aerial view of a city and a bridge","Travel"
"https://images.unsplash.com/photo-1522879943092-d2b0e4e1da17","unsplash_com_images\aerial_photo_of_cliff_and_body_of_water-8725e1555eb4f3026473532d54d5815331db7e68.jpg","aerial photo of cliff and body of water","Editorial,Cool Tones,Travel"
"https://images.unsplash.com/photo-1521404115841-baa52edcb041","unsplash_com_images\woman_standing_on_a_gray_rock_near_body_of_water-2dab5309f5e58f582eec326e4bf745518327dadf.jpg","woman standing on a gray rock near body of water","Editorial,Travel"
"https://images.unsplash.com/photo-1527731149372-fae504a1185f","unsplash_com_images\birds_eye_photography_of_people_surfing-245d1b8e0bde588c96f5bf3e6a90657ef7baa9d7.jpg","bird's eye photography of people surfing","Editorial,Travel,Wallpapers"
"https://images.unsplash.com/photo-1524726240783-939bfdd633e2","unsplash_com_images\man_standing_stone_with_waterfalls-c41afa299f98d64ebf6e457f8b5f98b20b395149.jpg","man standing stone with waterfalls","Editorial,Cool Tones,Travel"
"https://images.unsplash.com/photo-1494523809379-5f04ec5e72b6","unsplash_com_images\low_angle_photography_of_road_straight_to_highrise_building_under_white_and_blue_cloudy_skies-71aee1df23c3dbe19d9adfd3b0a3223bceb320a6.jpg","low angle photography of road straight to high-rise building under white and blue cloudy skies","Editorial,Travel,Wallpapers"
"https://images.unsplash.com/photo-1603052227662-42dcd4186f0c","unsplash_com_images\white_and_green_lighthouse_on_white_clouds_during_daytime-4ac948db68c80950a7812e153a414198b37b3bba.jpg","white and green lighthouse on white clouds during daytime","Travel"
"https://images.unsplash.com/photo-1542977466-bbacf83cb0b4","unsplash_com_images\whiteandblack_paper_lanterns_during_daytime-9ab3f85fabe43a259481ee6941120f9b4cf69307.jpg","white-and-black paper lanterns during daytime","Editorial,Travel,Wallpapers"
"https://images.unsplash.com/photo-1580238053495-97f9f087734b","unsplash_com_images\man_in_red_jacket_and_black_pants_riding_on_ski_blades_on_snow_covered_mountain_during-eda27fa9164f44f7b025214cb0c9d016f4e83df0.jpg","man in red jacket and black pants riding on ski blades on snow covered mountain during","Editorial,Travel,Sports"
"https://images.unsplash.com/photo-1701294003916-4ef8e922a816","unsplash_com_images\a_man_standing_in_front_of_the_golden_gate_bridge-f85c88ac5d195a452a7920e15b4bf377e8b0d777.jpg","a man standing in front of the golden gate bridge","Travel"
"https://images.unsplash.com/photo-1619992542351-0873d50ec90a","unsplash_com_images\white_sofa_near_brown_wooden_door-26e613e2219c73d60b506fd8a40f4ba0af13a8dc.jpg","white sofa near brown wooden door","3D Renders"
"https://images.unsplash.com/photo-1698767008609-f5fa6137b9e6","unsplash_com_images\a_man_standing_on_top_of_a_set_of_yellow_plates-b87eba874c0f7619ed8fe99cb6b1e1a96a10e088.jpg","a man standing on top of a set of yellow plates","3D Renders"
"https://images.unsplash.com/photo-1697574316241-bb05ae18a0ef","unsplash_com_images\a_very_colorful_pattern_made_up_of_small_cubes-6c70d3405096991eec77118ef76572591a55e38b.jpg","a very colorful pattern made up of small cubes","Editorial,3D Renders"
"https://images.unsplash.com/photo-1704388581982-d4e038b91445","unsplash_com_images\a_close_up_of_a_multicolored_tiled_wall-5c1aff8b0fb5df1df6480fe084ff68c944bd9ac8.jpg","a close up of a multicolored tiled wall","Editorial,3D Renders"
"https://images.unsplash.com/photo-1657142072741-a233adc49dd0","unsplash_com_images\a_light_bulb_with_a_blue_background-85190143eb9d87e0c2300167f1f883d79074f660.jpg","a light bulb with a blue background","Editorial,3D Renders"
"https://images.unsplash.com/photo-1655993810480-c15dccf9b3a0","unsplash_com_images\a_white_antenna_with_many_small_balls-af6de9256fcee222672c79048efc5bcf3597fab2.jpg","a white antenna with many small balls","Editorial,3D Renders"
"https://images.unsplash.com/photo-1700819000381-5a5f14e5de3c","unsplash_com_images\an_abstract_image_of_wavy_lines_on_a_light_blue_background-170389a183e0b71e054b21c801469565f8ccfe52.jpg","an abstract image of wavy lines on a light blue background","Editorial,3D Renders"
"https://images.unsplash.com/photo-1695938133433-a062aa510a57","unsplash_com_images\a_gift_box_floating_in_the_air_with_balloons-998af46bb644232d97d53729366d78b4c34fbfec.jpg","a gift box floating in the air with balloons","3D Renders"
"https://images.unsplash.com/photo-1650081221669-fccab00c76a0","unsplash_com_images\a_3d_image_of_a_mans_torso_and_torso-ef3d7bb2a1806fb2cb9f7da41a5092264a4fc3a2.jpg","a 3d image of a man's torso and torso","Editorial,3D Renders"
"https://images.unsplash.com/photo-1655474396177-e727349f44dc","unsplash_com_images\a_group_of_white_eggs-09b1ab956a16409d1441e923a90bdbf6b0b4605b.jpg","a group of white eggs","3D Renders"
"https://images.unsplash.com/photo-1691318110143-ebd82d266740","unsplash_com_images\a_close_up_of_a_metal_structure_with_a_pattern_on_it-937c5b6970f5dc9392fc8f484af28c7618f6cd00.jpg","a close up of a metal structure with a pattern on it","3D Renders"
"https://images.unsplash.com/photo-1692891069019-176e3338ff1b","unsplash_com_images\the_sun_is_setting_over_the_ocean_on_a_cloudy_day-c9cabadc06062c0cbb74bc229dcfc5886b46a9f2.jpg","the sun is setting over the ocean on a cloudy day","3D Renders"
"https://images.unsplash.com/photo-1699107597691-22e1c606c49b","unsplash_com_images\an_abstract_image_of_blue_lines_on_a_black_background-6a4f23b7795f744919d3fe4c1d1d9aff49e42596.jpg","an abstract image of blue lines on a black background","3D Renders"
"https://images.unsplash.com/photo-1567880905822-56f8e06fe630","unsplash_com_images\brown_wooden_kitchen_cupboard_near_wall-d6adef5872ef77abf80139317308fee27ee0f324.jpg","brown wooden kitchen cupboard near wall","Editorial,Architecture & Interiors"
"https://images.unsplash.com/photo-1510877073473-6d4545e9c2af","unsplash_com_images\round_brown_table_beside_two_white_chairs-0f86bd61311dd8009c3ce2ff1583a36ded6e3eb8.jpg","round brown table beside two white chairs","Editorial,Architecture & Interiors,Interiors"
"https://images.unsplash.com/photo-1615322958568-7928d3291f7a","unsplash_com_images\black_and_brown_wooden_chair_near_green_potted_plant_during_daytime-1e75404d95a37a5547ab34ebfe0912a08e0ecc9d.jpg","black and brown wooden chair near green potted plant during daytime","Architecture & Interiors"
"https://images.unsplash.com/photo-1564844211285-abcc4e9abecc","unsplash_com_images\empty_restaurant-876fb24547b6dbd795e12f517ad595e2281febcd.jpg","empty restaurant","Editorial,Architecture & Interiors"
"https://images.unsplash.com/photo-1588501302210-35efea6d97ab","unsplash_com_images\woman_in_red_tank_top_sitting_on_chair_in_front_of_table-41c793e3f3d52f7e07d6f8db8b6fb3d58e71c150.jpg","woman in red tank top sitting on chair in front of table","Editorial,Architecture & Interiors,Cozy Moments"
"https://images.unsplash.com/photo-1578498606226-228185c90547","unsplash_com_images\white_and_brown_house-f191b91affa047a020257fc0bdd8801b1ad0d153.jpg","white and brown house","Editorial,Architecture & Interiors"
"https://images.unsplash.com/photo-1626173078406-f83c07e45bc0","unsplash_com_images\brown_woven_basket_on_table-0109c17f1f0f66f723e1ebb46a053ade9662f0e9.jpg","brown woven basket on table","Editorial,Architecture & Interiors,Interiors"
"https://images.unsplash.com/photo-1566221522142-ebbf26f78096","unsplash_com_images\shallow_focus_photo_of_gray_ceramic_mug_on_book-9cf6c70ce3a224cb1e849d623b201a0f6e1f1e9a.jpg","shallow focus photo of gray ceramic mug on book","Editorial,Food & Drink,Wallpapers"
"https://images.unsplash.com/photo-1599400037784-4201413ea588","unsplash_com_images\people_sitting_on_white_chairs_near_brown_concrete_building_during_daytime-70bb0c8fd1ce71b22d52cda6c50b3af7de6a024a.jpg","people sitting on white chairs near brown concrete building during daytime","Architecture & Interiors"
"https://images.unsplash.com/photo-1663811396551-e639caee6e62","unsplash_com_images\a_kitchen_with_a_tile_floor-55ae5a95fbbcf8b487b7209116a1f5fa7b558423.jpg","a kitchen with a tile floor","Architecture & Interiors"
"https://images.unsplash.com/photo-1705219737675-ce339e478795","unsplash_com_images\a_close_up_of_a_roof_with_wavy_tiles-f6adfc829a432cc92d1bb89b8e28c559e70c723a.jpg","a close up of a roof with wavy tiles","Architecture & Interiors"
"https://images.unsplash.com/photo-1706017712634-e9e27598f018","unsplash_com_images\a_person_riding_a_skateboard_on_a_city_street-2982bb0c7fd1e607e6d1fd0c02189fafb47c8ad0.jpg","a person riding a skateboard on a city street","Architecture & Interiors"
"https://images.unsplash.com/photo-1705422972503-850b0cdc0760","unsplash_com_images\a_potted_plant_sitting_on_a_ledge_next_to_a_plate-69491354b406eeb99c764eacbb281630f36fa604.jpg","a potted plant sitting on a ledge next to a plate","Architecture & Interiors"
"https://images.unsplash.com/photo-1705308078715-d4f9e66702ea","unsplash_com_images\a_black_and_white_photo_of_two_tall_buildings-0ca11c426566953fc0d02a10c3be1f4d2b4b3861.jpg","a black and white photo of two tall buildings","Editorial,Architecture & Interiors"
"https://images.unsplash.com/photo-1706147601203-eeac6a7994ad","unsplash_com_images\a_view_of_a_building_through_a_window-0b3fa9154cedf1a99aa023759910f58b6325aa74.jpg","a view of a building through a window","Architecture & Interiors"
"https://images.unsplash.com/photo-1707240921390-0ab6f93b2b90","unsplash_com_images\a_close_up_of_a_building_with_a_sign_on_it-e5b48df7ae010c35df5a687525809921175d15e7.jpg","a close up of a building with a sign on it","Architecture & Interiors"
"https://images.unsplash.com/photo-1706029831375-c090c70c161d","unsplash_com_images\a_close_up_of_a_metal_surface_with_horizontal_lines-fda974791d8c38a4003d1142f09ea1e33f8b0c70.jpg","a close up of a metal surface with horizontal lines","Architecture & Interiors"
"https://images.unsplash.com/photo-1704974166002-089d4e156e94","unsplash_com_images\a_kitchen_with_a_marble_counter_top_and_black_cabinets-056e93fbdac40e7acb4a8d66061e633564ac8fdd.jpg","a kitchen with a marble counter top and black cabinets","Architecture & Interiors"
"https://images.unsplash.com/photo-1705237099061-273ce699f920","unsplash_com_images\a_black_and_white_photo_of_an_iron_gate-68cd0f4b0efdf84c57282fedcab8a0db810654e5.jpg","a black and white photo of an iron gate","Architecture & Interiors"
"https://images.unsplash.com/photo-1446224570031-57e5dabf45df","unsplash_com_images\yellow_tree-b971df11eec7fc3d4db4e27a472063953f04907a.jpg","yellow tree","Textures & Patterns"
"https://images.unsplash.com/photo-1594197941436-2555398cb2d1","unsplash_com_images\yellow_and_white_abstract_painting-7e2274e26b2d7baa6f0700db02b5ca85cc6d350b.jpg","yellow and white abstract painting","Textures & Patterns"
"https://images.unsplash.com/photo-1619661320843-96f75913fb5d","unsplash_com_images\yellow_and_white_striped_textile-b01a1358cf879bf7b725c7ffb8177d0d6f988e56.jpg","yellow and white striped textile","Editorial,Textures & Patterns,Color of Water"
"https://images.unsplash.com/photo-1544215818-53eb272de57f","unsplash_com_images\white_plastic_panel-c5ae8fff0acddb33ea381b038dbf7abb2e880e70.jpg","white plastic panel","Editorial,Street Photography,Architecture & Interiors"
"https://images.unsplash.com/photo-1516072715693-8bbf2ac6517c","unsplash_com_images\yellow_and_silver_spiral_staircase-f2bbd3662c96883172f6d983b292c49943efbad9.jpg","yellow and silver spiral staircase","Editorial,Textures & Patterns"
"https://images.unsplash.com/photo-1706122542069-c782c5b21a9e","unsplash_com_images\a_close_up_of_a_palm_leaf_on_a_wall-24eacc256f2eeda79c3d5511e967c8bcbf0907f7.jpg","a close up of a palm leaf on a wall","Textures & Patterns"
"https://images.unsplash.com/photo-1578165695722-7ddca71631f2","unsplash_com_images\palm_tree-5e4be2d8fb4fb093a8e9fae275ede608f8b16832.jpg","palm tree","Editorial,Wallpapers,Nature"
"https://images.unsplash.com/photo-1700493460292-4215a800aefc","unsplash_com_images\a_close_up_of_a_cars_windshield_with_rain_drops-9fdb97342ca08e7fb56026bdee1e3ea6af4e1549.jpg","a close up of a car's windshield with rain drops","Textures & Patterns"
"https://images.unsplash.com/photo-1479669732031-affb2ce2d265","unsplash_com_images\body_of_water-0d2a8d9d9e11d84f116276517405aef0a52f0012.jpg","body of water","Editorial,Textures & Patterns"
"https://images.unsplash.com/photo-1533134486753-c833f0ed4866","unsplash_com_images\grey_sand_wave-af6715ffe49b68edbf08f7ed64366063937193bc.jpg","grey sand wave","Editorial,Textures & Patterns"
"https://images.unsplash.com/photo-1705763907013-bf27da5be1cb","unsplash_com_images\a_bird_is_perched_on_a_branch_in_the_rain-c938ce3659d8dda8d3f2fe990afe32a540f44d9c.jpg","a bird is perched on a branch in the rain","Textures & Patterns"
"https://images.unsplash.com/photo-1499428665502-503f6c608263","unsplash_com_images\grayscale_photo_of_person_running_in_panel_paintings-f8a375e2b0fd3e6fb3aa8b4e8bba40283fb2aa51.jpg","grayscale photo of person running in panel paintings","Editorial,Experimental,Street Photography"
"https://images.unsplash.com/photo-1529753253655-470be9a42781","unsplash_com_images\a_black_and_white_photo_of_rocks_and_water-d927998a137cf1177f0a1027d2c7770a54209559.jpg","a black and white photo of rocks and water","Editorial,Textures & Patterns"
"https://images.unsplash.com/photo-1556139954-ec19cce61d61","unsplash_com_images\a_close_up_of_a_red_and_black_substance-ae299ef84ac368b3d11fa2c58df68cc25e43c393.jpg","a close up of a red and black substance","Editorial,Wallpapers,Textures & Patterns"
"https://images.unsplash.com/photo-1670502394307-fd0781f280e5","unsplash_com_images\a_group_of_green_leaves-2cd1052766496c5435c6030e3ba254f07304d974.jpg","a group of green leaves","Wallpapers,Textures & Patterns"
